stage_name,stage_mode,arm,bin_index,time_ns_increasing,time_ns_plot_axis,state_index,state_label,probability
After Fiber (Heisenberg),after_fiber,A,0,0.0,99.0,0,|vac>,0.9999592724477008
After Fiber (Heisenberg),after_fiber,A,0,0.0,99.0,1,|H>,2.017654057525077e-05
After Fiber (Heisenberg),after_fiber,A,0,0.0,99.0,2,|V>,2.0551011724150226e-05
After Fiber (Heisenberg),after_fiber,A,1,1.0,98.0,0,|vac>,0.9999486917573109
After Fiber (Heisenberg),after_fiber,A,1,1.0,98.0,1,|H>,2.5418243474707632e-05
After Fiber (Heisenberg),after_fiber,A,1,1.0,98.0,2,|V>,2.5889999215067742e-05
After Fiber (Heisenberg),after_fiber,A,2,2.0,97.00000000000001,0,|vac>,0.9999368188661016
After Fiber (Heisenberg),after_fiber,A,2,2.0,97.00000000000001,1,|H>,3.130010618664154e-05
After Fiber (Heisenberg),after_fiber,A,2,2.0,97.00000000000001,2,|V>,3.188102771184959e-05
After Fiber (Heisenberg),after_fiber,A,3,3.0000000000000004,96.00000000000001,0,|vac>,0.9999236537422761
After Fiber (Heisenberg),after_fiber,A,3,3.0000000000000004,96.00000000000001,1,|H>,3.78221444642223e-05
After Fiber (Heisenberg),after_fiber,A,3,3.0000000000000004,96.00000000000001,2,|V>,3.8524113260039916e-05
After Fiber (Heisenberg),after_fiber,A,4,4.0,95.0,0,|vac>,0.999909205456129
After Fiber (Heisenberg),after_fiber,A,4,4.0,95.0,1,|H>,4.497986485780221e-05
After Fiber (Heisenberg),after_fiber,A,4,4.0,95.0,2,|V>,4.581467901277676e-05
After Fiber (Heisenberg),after_fiber,A,5,5.0,94.00000000000001,0,|vac>,0.9998934929404453
After Fiber (Heisenberg),after_fiber,A,5,5.0,94.00000000000001,1,|H>,5.276388801560692e-05
After Fiber (Heisenberg),after_fiber,A,5,5.0,94.00000000000001,2,|V>,5.374317154005123e-05
After Fiber (Heisenberg),after_fiber,A,6,6.000000000000001,93.00000000000001,0,|vac>,0.9998765457499234
After Fiber (Heisenberg),after_fiber,A,6,6.000000000000001,93.00000000000001,1,|H>,6.115957245712344e-05
After Fiber (Heisenberg),after_fiber,A,6,6.000000000000001,93.00000000000001,2,|V>,6.229467761941979e-05
After Fiber (Heisenberg),after_fiber,A,7,7.000000000000001,92.0,0,|vac>,0.9998584048100535
After Fiber (Heisenberg),after_fiber,A,7,7.000000000000001,92.0,1,|H>,7.014664358472986e-05
After Fiber (Heisenberg),after_fiber,A,7,7.000000000000001,92.0,2,|V>,7.144854636220011e-05
After Fiber (Heisenberg),after_fiber,A,8,8.0,91.00000000000001,0,|vac>,0.99983912314396
After Fiber (Heisenberg),after_fiber,A,8,8.0,91.00000000000001,1,|H>,7.969883359682986e-05
After Fiber (Heisenberg),after_fiber,A,8,8.0,91.00000000000001,2,|V>,8.117802244348496e-05
After Fiber (Heisenberg),after_fiber,A,9,9.000000000000002,90.00000000000001,0,|vac>,0.9998187665638506
After Fiber (Heisenberg),after_fiber,A,9,9.000000000000002,90.00000000000001,1,|H>,8.978353894628192e-05
After Fiber (Heisenberg),after_fiber,A,9,9.000000000000002,90.00000000000001,2,|V>,9.144989720309589e-05
After Fiber (Heisenberg),after_fiber,A,10,10.0,89.0,0,|vac>,0.9997974143114956
After Fiber (Heisenberg),after_fiber,A,10,10.0,89.0,1,|H>,0.00010036150304415343
After Fiber (Heisenberg),after_fiber,A,10,10.0,89.0,2,|V>,0.00010222418546040436
After Fiber (Heisenberg),after_fiber,A,11,11.000000000000002,88.00000000000001,0,|vac>,0.9997751596299442
After Fiber (Heisenberg),after_fiber,A,11,11.000000000000002,88.00000000000001,1,|H>,0.000111386533028955
After Fiber (Heisenberg),after_fiber,A,11,11.000000000000002,88.00000000000001,2,|V>,0.00011345383702687125
After Fiber (Heisenberg),after_fiber,A,12,12.000000000000002,87.00000000000001,0,|vac>,0.9997521102463226
After Fiber (Heisenberg),after_fiber,A,12,12.000000000000002,87.00000000000001,1,|H>,0.000122805260588327
After Fiber (Heisenberg),after_fiber,A,12,12.000000000000002,87.00000000000001,2,|V>,0.0001250844930886641
After Fiber (Heisenberg),after_fiber,A,13,13.0,86.0,0,|vac>,0.9997283887431448
After Fiber (Heisenberg),after_fiber,A,13,13.0,86.0,1,|H>,0.00013455695801071704
After Fiber (Heisenberg),after_fiber,A,13,13.0,86.0,2,|V>,0.00013705429884428632
After Fiber (Heisenberg),after_fiber,A,14,14.000000000000002,85.0,0,|vac>,0.9997041327931839
After Fiber (Heisenberg),after_fiber,A,14,14.000000000000002,85.0,1,|H>,0.0001465734218281588
After Fiber (Heisenberg),after_fiber,A,14,14.000000000000002,85.0,2,|V>,0.00014929378498781249
After Fiber (Heisenberg),after_fiber,A,15,15.000000000000002,84.00000000000001,0,|vac>,0.9996794952306612
After Fiber (Heisenberg),after_fiber,A,15,15.000000000000002,84.00000000000001,1,|H>,0.00015877893755009555
After Fiber (Heisenberg),after_fiber,A,15,15.000000000000002,84.00000000000001,2,|V>,0.0001617258317881684
After Fiber (Heisenberg),after_fiber,A,16,16.0,83.0,0,|vac>,0.999654643929385
After Fiber (Heisenberg),after_fiber,A,16,16.0,83.0,1,|H>,0.0001710903400346067
After Fiber (Heisenberg),after_fiber,A,16,16.0,83.0,2,|V>,0.00017426573058084184
After Fiber (Heisenberg),after_fiber,A,17,17.0,82.0,0,|vac>,0.999629761456657
After Fiber (Heisenberg),after_fiber,A,17,17.0,82.0,1,|H>,0.0001834171849405172
After Fiber (Heisenberg),after_fiber,A,17,17.0,82.0,2,|V>,0.0001868213584020898
After Fiber (Heisenberg),after_fiber,A,18,18.000000000000004,81.00000000000001,0,|vac>,0.9996050444704287
After Fiber (Heisenberg),after_fiber,A,18,18.000000000000004,81.00000000000001,1,|H>,0.00019566204738340193
After Fiber (Heisenberg),after_fiber,A,18,18.000000000000004,81.00000000000001,2,|V>,0.0001992934821879184
After Fiber (Heisenberg),after_fiber,A,19,19.0,80.0,0,|vac>,0.9995807028263507
After Fiber (Heisenberg),after_fiber,A,19,19.0,80.0,1,|H>,0.0002077209643002385
After Fiber (Heisenberg),after_fiber,A,19,19.0,80.0,2,|V>,0.00021157620934890854
After Fiber (Heisenberg),after_fiber,A,20,20.0,79.0,0,|vac>,0.9995569583614599
After Fiber (Heisenberg),after_fiber,A,20,20.0,79.0,1,|H>,0.00021948403701828326
After Fiber (Heisenberg),after_fiber,A,20,20.0,79.0,2,|V>,0.00022355760152260705
After Fiber (Heisenberg),after_fiber,A,21,21.000000000000004,78.00000000000001,0,|vac>,0.9995340433221948
After Fiber (Heisenberg),after_fiber,A,21,21.000000000000004,78.00000000000001,1,|H>,0.00023083621001673897
After Fiber (Heisenberg),after_fiber,A,21,21.000000000000004,78.00000000000001,2,|V>,0.00023512046778879022
After Fiber (Heisenberg),after_fiber,A,22,22.000000000000004,77.0,0,|vac>,0.99951219840677
After Fiber (Heisenberg),after_fiber,A,22,22.000000000000004,77.0,1,|H>,0.00024165824074379784
After Fiber (Heisenberg),after_fiber,A,22,22.000000000000004,77.0,2,|V>,0.0002461433524860662
After Fiber (Heisenberg),after_fiber,A,23,23.0,76.0,0,|vac>,0.9994916703956737
After Fiber (Heisenberg),after_fiber,A,23,23.0,76.0,1,|H>,0.00025182787347215505
After Fiber (Heisenberg),after_fiber,A,23,23.0,76.0,2,|V>,0.00025650173085382035
After Fiber (Heisenberg),after_fiber,A,24,24.000000000000004,75.00000000000001,0,|vac>,0.9994727093497131
After Fiber (Heisenberg),after_fiber,A,24,24.000000000000004,75.00000000000001,1,|H>,0.0002612212273957232
After Fiber (Heisenberg),after_fiber,A,24,24.000000000000004,75.00000000000001,2,|V>,0.00026606942289163026
After Fiber (Heisenberg),after_fiber,A,25,25.000000000000004,74.0,0,|vac>,0.9994555653627458
After Fiber (Heisenberg),after_fiber,A,25,25.000000000000004,74.0,1,|H>,0.00026971440533355876
After Fiber (Heisenberg),after_fiber,A,25,25.000000000000004,74.0,2,|V>,0.00027472023192030013
After Fiber (Heisenberg),after_fiber,A,26,26.0,73.0,0,|vac>,0.9994404848664625
After Fiber (Heisenberg),after_fiber,A,26,26.0,73.0,1,|H>,0.0002771853243546574
After Fiber (Heisenberg),after_fiber,A,26,26.0,73.0,2,|V>,0.00028232980918257484
After Fiber (Heisenberg),after_fiber,A,27,27.0,72.00000000000001,0,|vac>,0.9994277064975
After Fiber (Heisenberg),after_fiber,A,27,27.0,72.00000000000001,1,|H>,0.0002835157632173901
After Fiber (Heisenberg),after_fiber,A,27,27.0,72.00000000000001,2,|V>,0.0002887777392824747
After Fiber (Heisenberg),after_fiber,A,28,28.000000000000004,71.0,0,|vac>,0.9994174565532069
After Fiber (Heisenberg),after_fiber,A,28,28.000000000000004,71.0,1,|H>,0.000288593613597639
After Fiber (Heisenberg),after_fiber,A,28,28.000000000000004,71.0,2,|V>,0.0002939498331956415
After Fiber (Heisenberg),after_fiber,A,29,29.0,70.0,0,|vac>,0.9994099440815348
After Fiber (Heisenberg),after_fiber,A,29,29.0,70.0,1,|H>,0.0002923153125693047
After Fiber (Heisenberg),after_fiber,A,29,29.0,70.0,2,|V>,0.0002977406058960046
After Fiber (Heisenberg),after_fiber,A,30,30.000000000000004,69.00000000000001,0,|vac>,0.9994053556730149
After Fiber (Heisenberg),after_fiber,A,30,30.000000000000004,69.00000000000001,1,|H>,0.00029458842267374456
After Fiber (Heisenberg),after_fiber,A,30,30.000000000000004,69.00000000000001,2,|V>,0.00030005590431063855
After Fiber (Heisenberg),after_fiber,A,31,31.0,68.0,0,|vac>,0.9994038500483456
After Fiber (Heisenberg),after_fiber,A,31,31.0,68.0,1,|H>,0.00029533431324503783
After Fiber (Heisenberg),after_fiber,A,31,31.0,68.0,2,|V>,0.00030081563840967225
After Fiber (Heisenberg),after_fiber,A,32,32.0,67.0,0,|vac>,0.999405552563367
After Fiber (Heisenberg),after_fiber,A,32,32.0,67.0,1,|H>,0.00029449088265624736
After Fiber (Heisenberg),after_fiber,A,32,32.0,67.0,2,|V>,0.00029995655397673535
After Fiber (Heisenberg),after_fiber,A,33,33.00000000000001,66.00000000000001,0,|vac>,0.9994105497834053
After Fiber (Heisenberg),after_fiber,A,33,33.00000000000001,66.00000000000001,1,|H>,0.0002920152462095234
After Fiber (Heisenberg),after_fiber,A,33,33.00000000000001,66.00000000000001,2,|V>,0.0002974349703855535
After Fiber (Heisenberg),after_fiber,A,34,34.0,65.0,0,|vac>,0.9994188843097203
After Fiber (Heisenberg),after_fiber,A,34,34.0,65.0,1,|H>,0.00028788629912398714
After Fiber (Heisenberg),after_fiber,A,34,34.0,65.0,2,|V>,0.00029322939115621136
After Fiber (Heisenberg),after_fiber,A,35,35.0,64.0,0,|vac>,0.9994305500705726
After Fiber (Heisenberg),after_fiber,A,35,35.0,64.0,1,|H>,0.0002821070493558822
After Fiber (Heisenberg),after_fiber,A,35,35.0,64.0,2,|V>,0.00028734288007180786
After Fiber (Heisenberg),after_fiber,A,36,36.00000000000001,63.00000000000001,0,|vac>,0.9994454883156393
After Fiber (Heisenberg),after_fiber,A,36,36.00000000000001,63.00000000000001,1,|H>,0.0002747066019757642
After Fiber (Heisenberg),after_fiber,A,36,36.00000000000001,63.00000000000001,2,|V>,0.00027980508238515615
After Fiber (Heisenberg),after_fiber,A,37,37.0,62.0,0,|vac>,0.9994635845724164
After Fiber (Heisenberg),after_fiber,A,37,37.0,62.0,1,|H>,0.00026574166697463443
After Fiber (Heisenberg),after_fiber,A,37,37.0,62.0,2,|V>,0.0002706737606093895
After Fiber (Heisenberg),after_fiber,A,38,38.0,61.00000000000001,0,|vac>,0.9994846668333343
After Fiber (Heisenberg),after_fiber,A,38,38.0,61.00000000000001,1,|H>,0.0002552974573712417
After Fiber (Heisenberg),after_fiber,A,38,38.0,61.00000000000001,2,|V>,0.00026003570929388766
After Fiber (Heisenberg),after_fiber,A,39,39.00000000000001,60.00000000000001,0,|vac>,0.999508505238855
After Fiber (Heisenberg),after_fiber,A,39,39.00000000000001,60.00000000000001,1,|H>,0.00024348784620927986
After Fiber (Heisenberg),after_fiber,A,39,39.00000000000001,60.00000000000001,2,|V>,0.00024800691493531083
After Fiber (Heisenberg),after_fiber,A,40,40.0,59.00000000000001,0,|vac>,0.9995348135009652
After Fiber (Heisenberg),after_fiber,A,40,40.0,59.00000000000001,1,|H>,0.00023045466135154324
After Fiber (Heisenberg),after_fiber,A,40,40.0,59.00000000000001,2,|V>,0.00023473183768332154
After Fiber (Heisenberg),after_fiber,A,41,41.0,58.0,0,|vac>,0.9995632522698955
After Fiber (Heisenberg),after_fiber,A,41,41.0,58.0,1,|H>,0.00021636601759988746
After Fiber (Heisenberg),after_fiber,A,41,41.0,58.0,2,|V>,0.00022038171250513238
After Fiber (Heisenberg),after_fiber,A,42,42.00000000000001,57.0,0,|vac>,0.9995934345819133
After Fiber (Heisenberg),after_fiber,A,42,42.00000000000001,57.0,1,|H>,0.00020141361784306778
After Fiber (Heisenberg),after_fiber,A,42,42.00000000000001,57.0,2,|V>,0.00020515180024338988
After Fiber (Heisenberg),after_fiber,A,43,43.0,56.00000000000001,0,|vac>,0.9996249334368348
After Fiber (Heisenberg),after_fiber,A,43,43.0,56.00000000000001,1,|H>,0.0001858089991389276
After Fiber (Heisenberg),after_fiber,A,43,43.0,56.00000000000001,2,|V>,0.0001892575640266497
After Fiber (Heisenberg),after_fiber,A,44,44.00000000000001,55.0,0,|vac>,0.9996572914416055
After Fiber (Heisenberg),after_fiber,A,44,44.00000000000001,55.0,1,|H>,0.00016977875525429618
After Fiber (Heisenberg),after_fiber,A,44,44.00000000000001,55.0,2,|V>,0.00017292980314091182
After Fiber (Heisenberg),after_fiber,A,45,45.00000000000001,54.0,0,|vac>,0.9996900323251021
After Fiber (Heisenberg),after_fiber,A,45,45.00000000000001,54.0,1,|H>,0.00015355883220330132
After Fiber (Heisenberg),after_fiber,A,45,45.00000000000001,54.0,2,|V>,0.0001564088426946641
After Fiber (Heisenberg),after_fiber,A,46,46.0,53.00000000000001,0,|vac>,0.9997226739863238
After Fiber (Heisenberg),after_fiber,A,46,46.0,53.00000000000001,1,|H>,0.00013738806413824233
After Fiber (Heisenberg),after_fiber,A,46,46.0,53.00000000000001,2,|V>,0.00013993794953762997
After Fiber (Heisenberg),after_fiber,A,47,47.00000000000001,52.0,0,|vac>,0.9997547425940634
After Fiber (Heisenberg),after_fiber,A,47,47.00000000000001,52.0,1,|H>,0.0001215011883327037
After Fiber (Heisenberg),after_fiber,A,47,47.00000000000001,52.0,2,|V>,0.00012375621760384885
After Fiber (Heisenberg),after_fiber,A,48,48.00000000000001,51.0,0,|vac>,0.9997857871242931
After Fiber (Heisenberg),after_fiber,A,48,48.00000000000001,51.0,1,|H>,0.0001061216433206361
After Fiber (Heisenberg),after_fiber,A,48,48.00000000000001,51.0,2,|V>,0.00010809123238617475
After Fiber (Heisenberg),after_fiber,A,49,49.0,50.00000000000001,0,|vac>,0.9998153936171023
After Fiber (Heisenberg),after_fiber,A,49,49.0,50.00000000000001,1,|H>,9.145450597202424e-05
After Fiber (Heisenberg),after_fiber,A,49,49.0,50.00000000000001,2,|V>,9.31518769259634e-05
After Fiber (Heisenberg),after_fiber,A,50,50.00000000000001,49.0,0,|vac>,0.9998431983735607
After Fiber (Heisenberg),after_fiber,A,50,50.00000000000001,49.0,1,|H>,7.767995372906359e-05
After Fiber (Heisenberg),after_fiber,A,50,50.00000000000001,49.0,2,|V>,7.912167271012028e-05
After Fiber (Heisenberg),after_fiber,A,51,51.0,48.00000000000001,0,|vac>,0.999868899308021
After Fiber (Heisenberg),after_fiber,A,51,51.0,48.00000000000001,1,|H>,6.49476406465609e-05
After Fiber (Heisenberg),after_fiber,A,51,51.0,48.00000000000001,2,|V>,6.615305133233022e-05
After Fiber (Heisenberg),after_fiber,A,52,52.0,47.00000000000001,0,|vac>,0.999892264732458
After Fiber (Heisenberg),after_fiber,A,52,52.0,47.00000000000001,1,|H>,5.3372345604625535e-05
After Fiber (Heisenberg),after_fiber,A,52,52.0,47.00000000000001,2,|V>,5.436292193774384e-05
After Fiber (Heisenberg),after_fiber,A,53,53.00000000000001,46.0,0,|vac>,0.9999131389795788
After Fiber (Heisenberg),after_fiber,A,53,53.00000000000001,46.0,1,|H>,4.3031186604386045e-05
After Fiber (Heisenberg),after_fiber,A,53,53.00000000000001,46.0,2,|V>,4.3829833816784407e-05
After Fiber (Heisenberg),after_fiber,A,54,54.0,45.00000000000001,0,|vac>,0.9999314444654409
After Fiber (Heisenberg),after_fiber,A,54,54.0,45.00000000000001,1,|H>,3.396259894326671e-05
After Fiber (Heisenberg),after_fiber,A,54,54.0,45.00000000000001,2,|V>,3.459293561562473e-05
After Fiber (Heisenberg),after_fiber,A,55,55.0,44.00000000000001,0,|vac>,0.9999471800363766
After Fiber (Heisenberg),after_fiber,A,55,55.0,44.00000000000001,1,|H>,2.6167154151571362e-05
After Fiber (Heisenberg),after_fiber,A,55,55.0,44.00000000000001,2,|V>,2.6652809472017642e-05
After Fiber (Heisenberg),after_fiber,A,56,56.00000000000001,43.0,0,|vac>,0.9999604157173114
After Fiber (Heisenberg),after_fiber,A,56,56.00000000000001,43.0,1,|H>,1.961016168966055e-05
After Fiber (Heisenberg),after_fiber,A,56,56.00000000000001,43.0,2,|V>,1.9974120999268174e-05
After Fiber (Heisenberg),after_fiber,A,57,57.0,42.00000000000001,0,|vac>,0.9999712842513317
After Fiber (Heisenberg),after_fiber,A,57,57.0,42.00000000000001,1,|H>,1.4225860270335001e-05
After Fiber (Heisenberg),after_fiber,A,57,57.0,42.00000000000001,2,|V>,1.4489888398430392e-05
After Fiber (Heisenberg),after_fiber,A,58,58.0,41.0,0,|vac>,0.9999799700636448
After Fiber (Heisenberg),after_fiber,A,58,58.0,41.0,1,|H>,9.922885142213246e-06
After Fiber (Heisenberg),after_fiber,A,58,58.0,41.0,2,|V>,1.0107051212989685e-05
After Fiber (Heisenberg),after_fiber,A,59,59.00000000000001,40.0,0,|vac>,0.9999866964689254
After Fiber (Heisenberg),after_fiber,A,59,59.00000000000001,40.0,1,|H>,6.59060560648231e-06
After Fiber (Heisenberg),after_fiber,A,59,59.00000000000001,40.0,2,|V>,6.712925468214922e-06
After Fiber (Heisenberg),after_fiber,A,60,60.00000000000001,39.00000000000001,0,|vac>,0.999991712047812
After Fiber (Heisenberg),after_fiber,A,60,60.00000000000001,39.00000000000001,1,|H>,4.105874136003474e-06
After Fiber (Heisenberg),after_fiber,A,60,60.00000000000001,39.00000000000001,2,|V>,4.182078052091803e-06
After Fiber (Heisenberg),after_fiber,A,61,61.00000000000001,38.0,0,|vac>,0.9999952771344499
After Fiber (Heisenberg),after_fiber,A,61,61.00000000000001,38.0,1,|H>,2.339720484561852e-06
After Fiber (Heisenberg),after_fiber,A,61,61.00000000000001,38.0,2,|V>,2.383145065435535e-06
After Fiber (Heisenberg),after_fiber,A,62,62.0,37.0,0,|vac>,0.9999976512827137
After Fiber (Heisenberg),after_fiber,A,62,62.0,37.0,1,|H>,1.163560954681004e-06
After Fiber (Heisenberg),after_fiber,A,62,62.0,37.0,2,|V>,1.1851563320397249e-06
After Fiber (Heisenberg),after_fiber,A,63,63.00000000000001,36.00000000000001,0,|vac>,0.9999990824263909
After Fiber (Heisenberg),after_fiber,A,63,63.00000000000001,36.00000000000001,1,|H>,4.545684704099272e-07
After Fiber (Heisenberg),after_fiber,A,63,63.00000000000001,36.00000000000001,2,|V>,4.6300513856586444e-07
After Fiber (Heisenberg),after_fiber,A,64,64.0,35.0,0,|vac>,0.9999997982402016
After Fiber (Heisenberg),after_fiber,A,64,64.0,35.0,1,|H>,9.99523548374533e-08
After Fiber (Heisenberg),after_fiber,A,64,64.0,35.0,2,|V>,1.0180744357340478e-07
After Fiber (Heisenberg),after_fiber,A,65,65.0,34.0,0,|vac>,0.9999999999720884
After Fiber (Heisenberg),after_fiber,A,65,65.0,34.0,1,|H>,1.38276679088073e-11
After Fiber (Heisenberg),after_fiber,A,65,65.0,34.0,2,|V>,1.4084305694127443e-11
After Fiber (Heisenberg),after_fiber,A,66,66.00000000000001,33.00000000000001,0,|vac>,0.9999998587823458
After Fiber (Heisenberg),after_fiber,A,66,66.00000000000001,33.00000000000001,1,|H>,6.995961135055278e-08
After Fiber (Heisenberg),after_fiber,A,66,66.00000000000001,33.00000000000001,2,|V>,7.125804286020945e-08
After Fiber (Heisenberg),after_fiber,A,67,67.0,32.0,0,|vac>,0.9999995144180321
After Fiber (Heisenberg),after_fiber,A,67,67.0,32.0,1,|H>,2.405586324215257e-07
After Fiber (Heisenberg),after_fiber,A,67,67.0,32.0,2,|V>,2.4502333573002417e-07
After Fiber (Heisenberg),after_fiber,A,68,68.0,31.0,0,|vac>,0.999999075891326
After Fiber (Heisenberg),after_fiber,A,68,68.0,31.0,1,|H>,4.5780595943900045e-07
After Fiber (Heisenberg),after_fiber,A,68,68.0,31.0,2,|V>,4.663027145177299e-07
After Fiber (Heisenberg),after_fiber,A,69,69.00000000000001,30.000000000000004,0,|vac>,0.9999986237287224
After Fiber (Heisenberg),after_fiber,A,69,69.00000000000001,30.000000000000004,1,|H>,6.818085475476043e-07
After Fiber (Heisenberg),after_fiber,A,69,69.00000000000001,30.000000000000004,2,|V>,6.944627302196267e-07
After Fiber (Heisenberg),after_fiber,A,70,70.0,29.0,0,|vac>,0.9999982133156313
After Fiber (Heisenberg),after_fiber,A,70,70.0,29.0,1,|H>,8.851283131578921e-07
After Fiber (Heisenberg),after_fiber,A,70,70.0,29.0,2,|V>,9.015560558184558e-07
After Fiber (Heisenberg),after_fiber,A,71,71.0,28.000000000000004,0,|vac>,0.9999978788718141
After Fiber (Heisenberg),after_fiber,A,71,71.0,28.000000000000004,1,|H>,1.0508126926678023e-06
After Fiber (Heisenberg),after_fiber,A,71,71.0,28.000000000000004,2,|V>,1.0703154927059734e-06
After Fiber (Heisenberg),after_fiber,A,72,72.00000000000001,27.0,0,|vac>,0.9999976376451691
After Fiber (Heisenberg),after_fiber,A,72,72.00000000000001,27.0,1,|H>,1.1703170313350266e-06
After Fiber (Heisenberg),after_fiber,A,72,72.00000000000001,27.0,2,|V>,1.1920377996533449e-06
After Fiber (Heisenberg),after_fiber,A,73,73.0,26.0,0,|vac>,0.9999974939901356
After Fiber (Heisenberg),after_fiber,A,73,73.0,26.0,1,|H>,1.2414841268182644e-06
After Fiber (Heisenberg),after_fiber,A,73,73.0,26.0,2,|V>,1.2645257372259494e-06
After Fiber (Heisenberg),after_fiber,A,74,74.0,25.000000000000004,0,|vac>,0.9999974430878411
After Fiber (Heisenberg),after_fiber,A,74,74.0,25.000000000000004,1,|H>,1.2667012625524334e-06
After Fiber (Heisenberg),after_fiber,A,74,74.0,25.000000000000004,2,|V>,1.2902108961950913e-06
After Fiber (Heisenberg),after_fiber,A,75,75.00000000000001,24.000000000000004,0,|vac>,0.9999974741553104
After Fiber (Heisenberg),after_fiber,A,75,75.00000000000001,24.000000000000004,1,|H>,1.2513103534916338e-06
After Fiber (Heisenberg),after_fiber,A,75,75.00000000000001,24.000000000000004,2,|V>,1.2745343360150347e-06
After Fiber (Heisenberg),after_fiber,A,76,76.0,23.0,0,|vac>,0.9999975730714717
After Fiber (Heisenberg),after_fiber,A,76,76.0,23.0,1,|H>,1.2023070172969321e-06
After Fiber (Heisenberg),after_fiber,A,76,76.0,23.0,2,|V>,1.2246215111230249e-06
After Fiber (Heisenberg),after_fiber,A,77,77.0,22.000000000000004,0,|vac>,0.9999977244124563
After Fiber (Heisenberg),after_fiber,A,77,77.0,22.000000000000004,1,|H>,1.1273322804595302e-06
After Fiber (Heisenberg),after_fiber,A,77,77.0,22.000000000000004,2,|V>,1.1482552634000868e-06
After Fiber (Heisenberg),after_fiber,A,78,78.00000000000001,21.000000000000004,0,|vac>,0.9999979129357232
After Fiber (Heisenberg),after_fiber,A,78,78.00000000000001,21.000000000000004,1,|H>,1.0339373393535126e-06
After Fiber (Heisenberg),after_fiber,A,78,78.00000000000001,21.000000000000004,2,|V>,1.0531269373876217e-06
After Fiber (Heisenberg),after_fiber,A,79,79.0,20.0,0,|vac>,0.9999981245822318
After Fiber (Heisenberg),after_fiber,A,79,79.0,20.0,1,|H>,9.29087081157253e-07
After Fiber (Heisenberg),after_fiber,A,79,79.0,20.0,2,|V>,9.46330686690715e-07
After Fiber (Heisenberg),after_fiber,A,80,80.0,19.0,0,|vac>,0.9999983470806006
After Fiber (Heisenberg),after_fiber,A,80,80.0,19.0,1,|H>,8.188607823324915e-07
After Fiber (Heisenberg),after_fiber,A,80,80.0,19.0,2,|V>,8.340586175017638e-07
After Fiber (Heisenberg),after_fiber,A,81,81.00000000000001,18.000000000000004,0,|vac>,0.9999985702401694
After Fiber (Heisenberg),after_fiber,A,81,81.00000000000001,18.000000000000004,1,|H>,7.083069228473993e-07
After Fiber (Heisenberg),after_fiber,A,81,81.00000000000001,18.000000000000004,2,|V>,7.21452908215064e-07
After Fiber (Heisenberg),after_fiber,A,82,82.0,17.0,0,|vac>,0.9999987860146656
After Fiber (Heisenberg),after_fiber,A,82,82.0,17.0,1,|H>,6.014116481407512e-07
After Fiber (Heisenberg),after_fiber,A,82,82.0,17.0,2,|V>,6.125736860531116e-07
After Fiber (Heisenberg),after_fiber,A,83,83.0,16.0,0,|vac>,0.9999989884079099
After Fiber (Heisenberg),after_fiber,A,83,83.0,16.0,1,|H>,5.01145482516878e-07
After Fiber (Heisenberg),after_fiber,A,83,83.0,16.0,2,|V>,5.104466074497837e-07
After Fiber (Heisenberg),after_fiber,A,84,84.00000000000001,15.000000000000002,0,|vac>,0.9999991732804198
After Fiber (Heisenberg),after_fiber,A,84,84.00000000000001,15.000000000000002,1,|H>,4.095591365418938e-07
After Fiber (Heisenberg),after_fiber,A,84,84.00000000000001,15.000000000000002,2,|V>,4.171604436059772e-07
After Fiber (Heisenberg),after_fiber,A,85,85.0,14.000000000000002,0,|vac>,0.9999993381027868
After Fiber (Heisenberg),after_fiber,A,85,85.0,14.000000000000002,1,|H>,3.2790568606382404e-07
After Fiber (Heisenberg),after_fiber,A,85,85.0,14.000000000000002,2,|V>,3.3399152711934575e-07
After Fiber (Heisenberg),after_fiber,A,86,86.0,13.0,0,|vac>,0.9999994816895933
After Fiber (Heisenberg),after_fiber,A,86,86.0,13.0,1,|H>,2.5677239021336593e-07
After Fiber (Heisenberg),after_fiber,A,86,86.0,13.0,2,|V>,2.615380164915858e-07
After Fiber (Heisenberg),after_fiber,A,87,87.00000000000001,12.000000000000002,0,|vac>,0.9999996039371861
After Fiber (Heisenberg),after_fiber,A,87,87.00000000000001,12.000000000000002,1,|H>,1.962105991601118e-07
After Fiber (Heisenberg),after_fiber,A,87,87.00000000000001,12.000000000000002,2,|V>,1.9985221493759704e-07
After Fiber (Heisenberg),after_fiber,A,88,88.00000000000001,11.000000000000002,0,|vac>,0.9999997055800778
After Fiber (Heisenberg),after_fiber,A,88,88.00000000000001,11.000000000000002,1,|H>,1.458564332679852e-07
After Fiber (Heisenberg),after_fiber,A,88,88.00000000000001,11.000000000000002,2,|V>,1.4856348931342898e-07
After Fiber (Heisenberg),after_fiber,A,89,89.0,10.0,0,|vac>,0.9999997879741284
After Fiber (Heisenberg),after_fiber,A,89,89.0,10.0,1,|H>,1.0503819550631546e-07
After Fiber (Heisenberg),after_fiber,A,89,89.0,10.0,2,|V>,1.0698767607276574e-07
After Fiber (Heisenberg),after_fiber,A,90,90.00000000000001,9.000000000000002,0,|vac>,0.9999998529097721
After Fiber (Heisenberg),after_fiber,A,90,90.00000000000001,9.000000000000002,1,|H>,7.286890048276816e-08
After Fiber (Heisenberg),after_fiber,A,90,90.00000000000001,9.000000000000002,2,|V>,7.422132761372686e-08
After Fiber (Heisenberg),after_fiber,A,91,91.00000000000001,8.0,0,|vac>,0.999999902455114
After Fiber (Heisenberg),after_fiber,A,91,91.00000000000001,8.0,1,|H>,4.8324003036983736e-08
After Fiber (Heisenberg),after_fiber,A,91,91.00000000000001,8.0,2,|V>,4.9220883494226334e-08
After Fiber (Heisenberg),after_fiber,A,92,92.0,7.000000000000001,0,|vac>,0.9999999388264639
After Fiber (Heisenberg),after_fiber,A,92,92.0,7.000000000000001,1,|H>,3.030553670351905e-08
After Fiber (Heisenberg),after_fiber,A,92,92.0,7.000000000000001,2,|V>,3.086799928748215e-08
After Fiber (Heisenberg),after_fiber,A,93,93.00000000000001,6.000000000000001,0,|vac>,0.9999999642824535
After Fiber (Heisenberg),after_fiber,A,93,93.00000000000001,6.000000000000001,1,|H>,1.7694570197712775e-08
After Fiber (Heisenberg),after_fiber,A,93,93.00000000000001,6.000000000000001,2,|V>,1.8022976646108213e-08
After Fiber (Heisenberg),after_fiber,A,94,94.00000000000001,5.0,0,|vac>,0.9999999810370782
After Fiber (Heisenberg),after_fiber,A,94,94.00000000000001,5.0,1,|H>,9.394283281458195e-09
After Fiber (Heisenberg),after_fiber,A,94,94.00000000000001,5.0,2,|V>,9.568638644330035e-09
After Fiber (Heisenberg),after_fiber,A,95,95.0,4.0,0,|vac>,0.9999999911866557
After Fiber (Heisenberg),after_fiber,A,95,95.0,4.0,1,|H>,4.366154869334143e-09
After Fiber (Heisenberg),after_fiber,A,95,95.0,4.0,2,|V>,4.447189525602167e-09
After Fiber (Heisenberg),after_fiber,A,96,96.00000000000001,3.0000000000000004,0,|vac>,0.9999999966455029
After Fiber (Heisenberg),after_fiber,A,96,96.00000000000001,3.0000000000000004,1,|H>,1.6618271114641024e-09
After Fiber (Heisenberg),after_fiber,A,96,96.00000000000001,3.0000000000000004,2,|V>,1.6926701742469122e-09
After Fiber (Heisenberg),after_fiber,A,97,97.00000000000001,2.0,0,|vac>,0.9999999990851464
After Fiber (Heisenberg),after_fiber,A,97,97.00000000000001,2.0,1,|H>,4.5322107530555255e-10
After Fiber (Heisenberg),after_fiber,A,97,97.00000000000001,2.0,2,|V>,4.616327361719015e-10
After Fiber (Heisenberg),after_fiber,A,98,98.0,1.0,0,|vac>,0.9999999998718657
After Fiber (Heisenberg),after_fiber,A,98,98.0,1.0,1,|H>,6.347822625203373e-11
After Fiber (Heisenberg),after_fiber,A,98,98.0,1.0,2,|V>,6.465636500312647e-11
After Fiber (Heisenberg),after_fiber,A,99,99.0,0.0,0,|vac>,0.999999999997334
After Fiber (Heisenberg),after_fiber,A,99,99.0,0.0,1,|H>,1.3205884572040915e-12
After Fiber (Heisenberg),after_fiber,A,99,99.0,0.0,2,|V>,1.3450982226392792e-12
After Fiber (Heisenberg),after_fiber,B,0,0.0,99.0,0,|vac>,0.9998778295509989
After Fiber (Heisenberg),after_fiber,B,0,0.0,99.0,1,|H>,6.287157300456325e-05
After Fiber (Heisenberg),after_fiber,B,0,0.0,99.0,2,|V>,5.929887599669566e-05
After Fiber (Heisenberg),after_fiber,B,1,1.0,98.0,0,|vac>,0.9998605321260904
After Fiber (Heisenberg),after_fiber,B,1,1.0,98.0,1,|H>,7.177320446942749e-05
After Fiber (Heisenberg),after_fiber,B,1,1.0,98.0,2,|V>,6.76946694400213e-05
After Fiber (Heisenberg),after_fiber,B,2,2.0,97.00000000000001,0,|vac>,0.9998422180046451
After Fiber (Heisenberg),after_fiber,B,2,2.0,97.00000000000001,1,|H>,8.11980501081729e-05
After Fiber (Heisenberg),after_fiber,B,2,2.0,97.00000000000001,2,|V>,7.658394524642396e-05
After Fiber (Heisenberg),after_fiber,B,3,3.0000000000000004,96.00000000000001,0,|vac>,0.999822956789133
After Fiber (Heisenberg),after_fiber,B,3,3.0000000000000004,96.00000000000001,1,|H>,9.111029097479326e-05
After Fiber (Heisenberg),after_fiber,B,3,3.0000000000000004,96.00000000000001,2,|V>,8.5932919892827e-05
After Fiber (Heisenberg),after_fiber,B,4,4.0,95.0,0,|vac>,0.9998028309422392
After Fiber (Heisenberg),after_fiber,B,4,4.0,95.0,1,|H>,0.0001014674899747872
After Fiber (Heisenberg),after_fiber,B,4,4.0,95.0,2,|V>,9.570156778603531e-05
After Fiber (Heisenberg),after_fiber,B,5,5.0,94.00000000000001,0,|vac>,0.9997819362514134
After Fiber (Heisenberg),after_fiber,B,5,5.0,94.00000000000001,1,|H>,0.00011222035280209118
After Fiber (Heisenberg),after_fiber,B,5,5.0,94.00000000000001,2,|V>,0.00010584339578450918
After Fiber (Heisenberg),after_fiber,B,6,6.000000000000001,93.00000000000001,0,|vac>,0.9997603821935055
After Fiber (Heisenberg),after_fiber,B,6,6.000000000000001,93.00000000000001,1,|H>,0.00012331254028624217
After Fiber (Heisenberg),after_fiber,B,6,6.000000000000001,93.00000000000001,2,|V>,0.00011630526620895448
After Fiber (Heisenberg),after_fiber,B,7,7.000000000000001,92.0,0,|vac>,0.999738292176806
After Fiber (Heisenberg),after_fiber,B,7,7.000000000000001,92.0,1,|H>,0.00013468054383301338
After Fiber (Heisenberg),after_fiber,B,7,7.000000000000001,92.0,2,|V>,0.0001270272793610845
After Fiber (Heisenberg),after_fiber,B,8,8.0,91.00000000000001,0,|vac>,0.9997158036356748
After Fiber (Heisenberg),after_fiber,B,8,8.0,91.00000000000001,1,|H>,0.00014625363672936365
After Fiber (Heisenberg),after_fiber,B,8,8.0,91.00000000000001,2,|V>,0.00013794272759568048
After Fiber (Heisenberg),after_fiber,B,9,9.000000000000002,90.00000000000001,0,|vac>,0.9996930679509729
After Fiber (Heisenberg),after_fiber,B,9,9.000000000000002,90.00000000000001,1,|H>,0.00015795391508861403
After Fiber (Heisenberg),after_fiber,B,9,9.000000000000002,90.00000000000001,2,|V>,0.0001489781339390473
After Fiber (Heisenberg),after_fiber,B,10,10.0,89.0,0,|vac>,0.9996702501678509
After Fiber (Heisenberg),after_fiber,B,10,10.0,89.0,1,|H>,0.00016969644308151193
After Fiber (Heisenberg),after_fiber,B,10,10.0,89.0,2,|V>,0.0001600533890672764
After Fiber (Heisenberg),after_fiber,B,11,11.000000000000002,88.00000000000001,0,|vac>,0.9996475284811397
After Fiber (Heisenberg),after_fiber,B,11,11.000000000000002,88.00000000000001,1,|H>,0.00018138951776998485
After Fiber (Heisenberg),after_fiber,B,11,11.000000000000002,88.00000000000001,2,|V>,0.00017108200109073482
After Fiber (Heisenberg),after_fiber,B,12,12.000000000000002,87.00000000000001,0,|vac>,0.999625093457776
After Fiber (Heisenberg),after_fiber,B,12,12.000000000000002,87.00000000000001,1,|H>,0.0001929350692583092
After Fiber (Heisenberg),after_fiber,B,12,12.000000000000002,87.00000000000001,2,|V>,0.00018197147296652145
After Fiber (Heisenberg),after_fiber,B,13,13.0,86.0,0,|vac>,0.9996031469656896
After Fiber (Heisenberg),after_fiber,B,13,13.0,86.0,1,|H>,0.0002042292119139573
After Fiber (Heisenberg),after_fiber,B,13,13.0,86.0,2,|V>,0.00019262382239601042
After Fiber (Heisenberg),after_fiber,B,14,14.000000000000002,85.0,0,|vac>,0.9995819007793479
After Fiber (Heisenberg),after_fiber,B,14,14.000000000000002,85.0,1,|H>,0.0002151629619869174
After Fiber (Heisenberg),after_fiber,B,14,14.000000000000002,85.0,2,|V>,0.00020293625866523406
After Fiber (Heisenberg),after_fiber,B,15,15.000000000000002,84.00000000000001,0,|vac>,0.9995615748340991
After Fiber (Heisenberg),after_fiber,B,15,15.000000000000002,84.00000000000001,1,|H>,0.0002256231359574478
After Fiber (Heisenberg),after_fiber,B,15,15.000000000000002,84.00000000000001,2,|V>,0.0002128020299437314
After Fiber (Heisenberg),after_fiber,B,16,16.0,83.0,0,|vac>,0.9995423951048091
After Fiber (Heisenberg),after_fiber,B,16,16.0,83.0,1,|H>,0.00023549344223935094
After Fiber (Heisenberg),after_fiber,B,16,16.0,83.0,2,|V>,0.0002221114529514462
After Fiber (Heisenberg),after_fiber,B,17,17.0,82.0,0,|vac>,0.999524591089181
After Fiber (Heisenberg),after_fiber,B,17,17.0,82.0,1,|H>,0.00024465577631837214
After Fiber (Heisenberg),after_fiber,B,17,17.0,82.0,2,|V>,0.0002307531345004796
After Fiber (Heisenberg),after_fiber,B,18,18.000000000000004,81.00000000000001,0,|vac>,0.9995083928830611
After Fiber (Heisenberg),after_fiber,B,18,18.000000000000004,81.00000000000001,1,|H>,0.00025299172586225343
After Fiber (Heisenberg),after_fiber,B,18,18.000000000000004,81.00000000000001,2,|V>,0.00023861539107677715
After Fiber (Heisenberg),after_fiber,B,19,19.0,80.0,0,|vac>,0.9994940278441542
After Fiber (Heisenberg),after_fiber,B,19,19.0,80.0,1,|H>,0.000260384287645769
After Fiber (Heisenberg),after_fiber,B,19,19.0,80.0,2,|V>,0.00024558786820036877
After Fiber (Heisenberg),after_fiber,B,20,20.0,79.0,0,|vac>,0.9994817168522083
After Fiber (Heisenberg),after_fiber,B,20,20.0,79.0,1,|H>,0.00026671979214105057
After Fiber (Heisenberg),after_fiber,B,20,20.0,79.0,2,|V>,0.00025156335565023474
After Fiber (Heisenberg),after_fiber,B,21,21.000000000000004,78.00000000000001,0,|vac>,0.9994716701881636
After Fiber (Heisenberg),after_fiber,B,21,21.000000000000004,78.00000000000001,1,|H>,0.000271890024199026
After Fiber (Heisenberg),after_fiber,B,21,21.000000000000004,78.00000000000001,2,|V>,0.0002564397876373563
After Fiber (Heisenberg),after_fiber,B,22,22.000000000000004,77.0,0,|vac>,0.9994640830721334
After Fiber (Heisenberg),after_fiber,B,22,22.000000000000004,77.0,1,|H>,0.0002757945192982887
After Fiber (Heisenberg),after_fiber,B,22,22.000000000000004,77.0,2,|V>,0.0002601224085685037
After Fiber (Heisenberg),after_fiber,B,23,23.0,76.0,0,|vac>,0.9994591309205334
After Fiber (Heisenberg),after_fiber,B,23,23.0,76.0,1,|H>,0.0002783430043316286
After Fiber (Heisenberg),after_fiber,B,23,23.0,76.0,2,|V>,0.0002625260751343212
After Fiber (Heisenberg),after_fiber,B,24,24.000000000000004,75.00000000000001,0,|vac>,0.9994569644059608
After Fiber (Heisenberg),after_fiber,B,24,24.000000000000004,75.00000000000001,1,|H>,0.0002794579399013088
After Fiber (Heisenberg),after_fiber,B,24,24.000000000000004,75.00000000000001,2,|V>,0.000263577654137856
After Fiber (Heisenberg),after_fiber,B,25,25.000000000000004,74.0,0,|vac>,0.9994577044292651
After Fiber (Heisenberg),after_fiber,B,25,25.000000000000004,74.0,1,|H>,0.00027907710779679083
After Fiber (Heisenberg),after_fiber,B,25,25.000000000000004,74.0,2,|V>,0.00026321846293804604
After Fiber (Heisenberg),after_fiber,B,26,26.0,73.0,0,|vac>,0.9994614371409344
After Fiber (Heisenberg),after_fiber,B,26,26.0,73.0,1,|H>,0.00027715617310168416
After Fiber (Heisenberg),after_fiber,B,26,26.0,73.0,2,|V>,0.0002614066859641405
After Fiber (Heisenberg),after_fiber,B,27,27.0,72.00000000000001,0,|vac>,0.9994682091771839
After Fiber (Heisenberg),after_fiber,B,27,27.0,72.00000000000001,1,|H>,0.00027367113580395355
After Fiber (Heisenberg),after_fiber,B,27,27.0,72.00000000000001,2,|V>,0.00025811968701237425
After Fiber (Heisenberg),after_fiber,B,28,28.000000000000004,71.0,0,|vac>,0.999478023303548
After Fiber (Heisenberg),after_fiber,B,28,28.000000000000004,71.0,1,|H>,0.00026862057269965816
After Fiber (Heisenberg),after_fiber,B,28,28.000000000000004,71.0,2,|V>,0.0002533561237528158
After Fiber (Heisenberg),after_fiber,B,29,29.0,70.0,0,|vac>,0.9994908346830056
After Fiber (Heisenberg),after_fiber,B,29,29.0,70.0,1,|H>,0.00026202755789558484
After Fiber (Heisenberg),after_fiber,B,29,29.0,70.0,2,|V>,0.00024713775909884756
After Fiber (Heisenberg),after_fiber,B,30,30.000000000000004,69.00000000000001,0,|vac>,0.9995065480041591
After Fiber (Heisenberg),after_fiber,B,30,30.000000000000004,69.00000000000001,1,|H>,0.0002539411407128121
After Fiber (Heisenberg),after_fiber,B,30,30.000000000000004,69.00000000000001,2,|V>,0.00023951085512836944
After Fiber (Heisenberg),after_fiber,B,31,31.0,68.0,0,|vac>,0.999525015714484
After Fiber (Heisenberg),after_fiber,B,31,31.0,68.0,1,|H>,0.00024443725489261566
After Fiber (Heisenberg),after_fiber,B,31,31.0,68.0,2,|V>,0.00023054703062380698
After Fiber (Heisenberg),after_fiber,B,32,32.0,67.0,0,|vac>,0.9995460376008234
After Fiber (Heisenberg),after_fiber,B,32,32.0,67.0,1,|H>,0.0002336189344844629
After Fiber (Heisenberg),after_fiber,B,32,32.0,67.0,2,|V>,0.00022034346469220628
After Fiber (Heisenberg),after_fiber,B,33,33.00000000000001,66.00000000000001,0,|vac>,0.9995693619405283
After Fiber (Heisenberg),after_fiber,B,33,33.00000000000001,66.00000000000001,1,|H>,0.00022161572144452073
After Fiber (Heisenberg),after_fiber,B,33,33.00000000000001,66.00000000000001,2,|V>,0.00020902233802712678
After Fiber (Heisenberg),after_fiber,B,34,34.0,65.0,0,|vac>,0.9995946884089046
After Fiber (Heisenberg),after_fiber,B,34,34.0,65.0,1,|H>,0.00020858216939886938
After Fiber (Heisenberg),after_fiber,B,34,34.0,65.0,2,|V>,0.00019672942169599622
After Fiber (Heisenberg),after_fiber,B,35,35.0,64.0,0,|vac>,0.9996216728696342
After Fiber (Heisenberg),after_fiber,B,35,35.0,64.0,1,|H>,0.0001946953783905862
After Fiber (Heisenberg),after_fiber,B,35,35.0,64.0,2,|V>,0.00018363175197597085
After Fiber (Heisenberg),after_fiber,B,36,36.00000000000001,63.00000000000001,0,|vac>,0.999649934093736
After Fiber (Heisenberg),after_fiber,B,36,36.00000000000001,63.00000000000001,1,|H>,0.000180151537151863
After Fiber (Heisenberg),after_fiber,B,36,36.00000000000001,63.00000000000001,2,|V>,0.00016991436911252512
After Fiber (Heisenberg),after_fiber,B,37,37.0,62.0,0,|vac>,0.9996790623507807
After Fiber (Heisenberg),after_fiber,B,37,37.0,62.0,1,|H>,0.00016516150188338155
After Fiber (Heisenberg),after_fiber,B,37,37.0,62.0,2,|V>,0.00015577614733609175
After Fiber (Heisenberg),after_fiber,B,38,38.0,61.00000000000001,0,|vac>,0.999708629697097
After Fiber (Heisenberg),after_fiber,B,38,38.0,61.00000000000001,1,|H>,0.0001499455017158131
After Fiber (Heisenberg),after_fiber,B,38,38.0,61.00000000000001,2,|V>,0.00014142480118738257
After Fiber (Heisenberg),after_fiber,B,39,39.00000000000001,60.00000000000001,0,|vac>,0.9997382016566051
After Fiber (Heisenberg),after_fiber,B,39,39.00000000000001,60.00000000000001,1,|H>,0.00013472712749931494
After Fiber (Heisenberg),after_fiber,B,39,39.00000000000001,60.00000000000001,2,|V>,0.00012707121589582447
After Fiber (Heisenberg),after_fiber,B,40,40.0,59.00000000000001,0,|vac>,0.9997673498601493
After Fiber (Heisenberg),after_fiber,B,40,40.0,59.00000000000001,1,|H>,0.00011972682732819357
After Fiber (Heisenberg),after_fiber,B,40,40.0,59.00000000000001,2,|V>,0.00011292331252308742
After Fiber (Heisenberg),after_fiber,B,41,41.0,58.0,0,|vac>,0.999795665091124
After Fiber (Heisenberg),after_fiber,B,41,41.0,58.0,1,|H>,0.00010515519297679345
After Fiber (Heisenberg),after_fiber,B,41,41.0,58.0,2,|V>,9.917971589937562e-05
After Fiber (Heisenberg),after_fiber,B,42,42.00000000000001,57.0,0,|vac>,0.9998227700925255
After Fiber (Heisenberg),after_fiber,B,42,42.00000000000001,57.0,1,|H>,9.120636911357938e-05
After Fiber (Heisenberg),after_fiber,B,42,42.00000000000001,57.0,2,|V>,8.602353836100726e-05
After Fiber (Heisenberg),after_fiber,B,43,43.0,56.00000000000001,0,|vac>,0.9998483314371245
After Fiber (Heisenberg),after_fiber,B,43,43.0,56.00000000000001,1,|H>,7.80519446500954e-05
After Fiber (Heisenberg),after_fiber,B,43,43.0,56.00000000000001,2,|V>,7.361661822539351e-05
After Fiber (Heisenberg),after_fiber,B,44,44.00000000000001,55.0,0,|vac>,0.9998720697603176
After Fiber (Heisenberg),after_fiber,B,44,44.00000000000001,55.0,1,|H>,6.583568669349958e-05
After Fiber (Heisenberg),after_fiber,B,44,44.00000000000001,55.0,2,|V>,6.209455298838684e-05
After Fiber (Heisenberg),after_fiber,B,45,45.00000000000001,54.0,0,|vac>,0.9998937677123468
After Fiber (Heisenberg),after_fiber,B,45,45.00000000000001,54.0,1,|H>,5.466944816201225e-05
After Fiber (Heisenberg),after_fiber,B,45,45.00000000000001,54.0,2,|V>,5.156283949077653e-05
After Fiber (Heisenberg),after_fiber,B,46,46.0,53.00000000000001,0,|vac>,0.9999132751051716
After Fiber (Heisenberg),after_fiber,B,46,46.0,53.00000000000001,1,|H>,4.4630519091182213e-05
After Fiber (Heisenberg),after_fiber,B,46,46.0,53.00000000000001,2,|V>,4.209437573741087e-05
After Fiber (Heisenberg),after_fiber,B,47,47.00000000000001,52.0,0,|vac>,0.9999305109041459
After Fiber (Heisenberg),after_fiber,B,47,47.00000000000001,52.0,1,|H>,3.576060167334848e-05
After Fiber (Heisenberg),after_fiber,B,47,47.00000000000001,52.0,2,|V>,3.3728494180369816e-05
After Fiber (Heisenberg),after_fiber,B,48,48.00000000000001,51.0,0,|vac>,0.9999454619328099
After Fiber (Heisenberg),after_fiber,B,48,48.00000000000001,51.0,1,|H>,2.8066476802792675e-05
After Fiber (Heisenberg),after_fiber,B,48,48.00000000000001,51.0,2,|V>,2.6471590387472737e-05
After Fiber (Heisenberg),after_fiber,B,49,49.0,50.00000000000001,0,|vac>,0.9999581784005959
After Fiber (Heisenberg),after_fiber,B,49,49.0,50.00000000000001,1,|H>,2.1522305611606888e-05
After Fiber (Heisenberg),after_fiber,B,49,49.0,50.00000000000001,2,|V>,2.0299293792649297e-05
After Fiber (Heisenberg),after_fiber,B,50,50.00000000000001,49.0,0,|vac>,0.999968766603325
After Fiber (Heisenberg),after_fiber,B,50,50.00000000000001,49.0,1,|H>,1.6073385956496645e-05
After Fiber (Heisenberg),after_fiber,B,50,50.00000000000001,49.0,2,|V>,1.5160010719187011e-05
After Fiber (Heisenberg),after_fiber,B,51,51.0,48.00000000000001,0,|vac>,0.9999773793583714
After Fiber (Heisenberg),after_fiber,B,51,51.0,48.00000000000001,1,|H>,1.1641074688867442e-05
After Fiber (Heisenberg),after_fiber,B,51,51.0,48.00000000000001,2,|V>,1.0979566940265392e-05
After Fiber (Heisenberg),after_fiber,B,52,52.0,47.00000000000001,0,|vac>,0.9999842048962072
After Fiber (Heisenberg),after_fiber,B,52,52.0,47.00000000000001,1,|H>,8.128504309453863e-06
After Fiber (Heisenberg),after_fiber,B,52,52.0,47.00000000000001,2,|V>,7.666599482883896e-06
After Fiber (Heisenberg),after_fiber,B,53,53.00000000000001,46.0,0,|vac>,0.9999894550192627
After Fiber (Heisenberg),after_fiber,B,53,53.00000000000001,46.0,1,|H>,5.426676677242484e-06
After Fiber (Heisenberg),after_fiber,B,53,53.00000000000001,46.0,2,|V>,5.118304059842459e-06
After Fiber (Heisenberg),after_fiber,B,54,54.0,45.00000000000001,0,|vac>,0.999993353348512
After Fiber (Heisenberg),after_fiber,B,54,54.0,45.00000000000001,1,|H>,3.4205115691417464e-06
After Fiber (Heisenberg),after_fiber,B,54,54.0,45.00000000000001,2,|V>,3.2261399181004184e-06
After Fiber (Heisenberg),after_fiber,B,55,55.0,44.00000000000001,0,|vac>,0.9999961244092378
After Fiber (Heisenberg),after_fiber,B,55,55.0,44.00000000000001,1,|H>,1.9944633874689238e-06
After Fiber (Heisenberg),after_fiber,B,55,55.0,44.00000000000001,2,|V>,1.8811273750837218e-06
After Fiber (Heisenberg),after_fiber,B,56,56.00000000000001,43.0,0,|vac>,0.9999979841715778
After Fiber (Heisenberg),after_fiber,B,56,56.00000000000001,43.0,1,|H>,1.0373891955615698e-06
After Fiber (Heisenberg),after_fiber,B,56,56.00000000000001,43.0,2,|V>,9.784392266349008e-07
After Fiber (Heisenberg),after_fiber,B,57,57.0,42.00000000000001,0,|vac>,0.9999991324788178
After Fiber (Heisenberg),after_fiber,B,57,57.0,42.00000000000001,1,|H>,4.464452884228027e-07
After Fiber (Heisenberg),after_fiber,B,57,57.0,42.00000000000001,2,|V>,4.2107589379969295e-07
After Fiber (Heisenberg),after_fiber,B,58,58.0,41.0,0,|vac>,0.9999997475914171
After Fiber (Heisenberg),after_fiber,B,58,58.0,41.0,1,|H>,1.2989495233731745e-07
After Fiber (Heisenberg),after_fiber,B,58,58.0,41.0,2,|V>,1.2251363061465006e-07
After Fiber (Heisenberg),after_fiber,B,59,59.00000000000001,40.0,0,|vac>,0.9999999828731876
After Fiber (Heisenberg),after_fiber,B,59,59.00000000000001,40.0,1,|H>,8.813830460262714e-09
After Fiber (Heisenberg),after_fiber,B,59,59.00000000000001,40.0,2,|V>,8.312981758556032e-09
After Fiber (Heisenberg),after_fiber,B,60,60.00000000000001,39.00000000000001,0,|vac>,0.9999999654699491
After Fiber (Heisenberg),after_fiber,B,60,60.00000000000001,39.00000000000001,1,|H>,1.7769915811094076e-08
After Fiber (Heisenberg),after_fiber,B,60,60.00000000000001,39.00000000000001,2,|V>,1.676013472858291e-08
After Fiber (Heisenberg),after_fiber,B,61,61.00000000000001,38.0,0,|vac>,0.9999997966966444
After Fiber (Heisenberg),after_fiber,B,61,61.00000000000001,38.0,1,|H>,1.0462433324096367e-07
After Fiber (Heisenberg),after_fiber,B,61,61.00000000000001,38.0,2,|V>,9.867902243586184e-08
After Fiber (Heisenberg),after_fiber,B,62,62.0,37.0,0,|vac>,0.9999995537646403
After Fiber (Heisenberg),after_fiber,B,62,62.0,37.0,1,|H>,2.2964243169485838e-07
After Fiber (Heisenberg),after_fiber,B,62,62.0,37.0,2,|V>,2.1659292793053858e-07
After Fiber (Heisenberg),after_fiber,B,63,63.00000000000001,36.00000000000001,0,|vac>,0.9999992924473547
After Fiber (Heisenberg),after_fiber,B,63,63.00000000000001,36.00000000000001,1,|H>,3.641219962598054e-07
After Fiber (Heisenberg),after_fiber,B,63,63.00000000000001,36.00000000000001,2,|V>,3.4343064873392395e-07
After Fiber (Heisenberg),after_fiber,B,64,64.0,35.0,0,|vac>,0.9999990502933912
After Fiber (Heisenberg),after_fiber,B,64,64.0,35.0,1,|H>,4.887396982729909e-07
After Fiber (Heisenberg),after_fiber,B,64,64.0,35.0,2,|V>,4.6096691044218184e-07
After Fiber (Heisenberg),after_fiber,B,65,65.0,34.0,0,|vac>,0.9999988500416181
After Fiber (Heisenberg),after_fiber,B,65,65.0,34.0,1,|H>,5.91793620668283e-07
After Fiber (Heisenberg),after_fiber,B,65,65.0,34.0,2,|V>,5.581647611249895e-07
After Fiber (Heisenberg),after_fiber,B,66,66.00000000000001,33.00000000000001,0,|vac>,0.9999987029595323
After Fiber (Heisenberg),after_fiber,B,66,66.00000000000001,33.00000000000001,1,|H>,6.674852642253766e-07
After Fiber (Heisenberg),after_fiber,B,66,66.00000000000001,33.00000000000001,2,|V>,6.295552031130166e-07
After Fiber (Heisenberg),after_fiber,B,67,67.0,32.0,0,|vac>,0.9999986119024928
After Fiber (Heisenberg),after_fiber,B,67,67.0,32.0,1,|H>,7.143451992117875e-07
After Fiber (Heisenberg),after_fiber,B,67,67.0,32.0,2,|V>,6.737523074827655e-07
After Fiber (Heisenberg),after_fiber,B,68,68.0,31.0,0,|vac>,0.9999985739665685
After Fiber (Heisenberg),after_fiber,B,68,68.0,31.0,1,|H>,7.338678520818797e-07
After Fiber (Heisenberg),after_fiber,B,68,68.0,31.0,2,|V>,6.921655794329798e-07
After Fiber (Heisenberg),after_fiber,B,69,69.00000000000001,30.000000000000004,0,|vac>,0.9999985826741896
After Fiber (Heisenberg),after_fiber,B,69,69.00000000000001,30.000000000000004,1,|H>,7.293867208313085e-07
After Fiber (Heisenberg),after_fiber,B,69,69.00000000000001,30.000000000000004,2,|V>,6.8793908988208e-07
After Fiber (Heisenberg),after_fiber,B,70,70.0,29.0,0,|vac>,0.9999986296850586
After Fiber (Heisenberg),after_fiber,B,70,70.0,29.0,1,|H>,7.051939039781702e-07
After Fiber (Heisenberg),after_fiber,B,70,70.0,29.0,2,|V>,6.65121037493262e-07
After Fiber (Heisenberg),after_fiber,B,71,71.0,28.000000000000004,0,|vac>,0.999998706063188
After Fiber (Heisenberg),after_fiber,B,71,71.0,28.000000000000004,1,|H>,6.658880555690701e-07
After Fiber (Heisenberg),after_fiber,B,71,71.0,28.000000000000004,2,|V>,6.280487563434369e-07
After Fiber (Heisenberg),after_fiber,B,72,72.00000000000001,27.0,0,|vac>,0.9999988031550856
After Fiber (Heisenberg),after_fiber,B,72,72.00000000000001,27.0,1,|H>,6.159224511449832e-07
After Fiber (Heisenberg),after_fiber,B,72,72.00000000000001,27.0,2,|V>,5.809224631834047e-07
After Fiber (Heisenberg),after_fiber,B,73,73.0,26.0,0,|vac>,0.9999989131460099
After Fiber (Heisenberg),after_fiber,B,73,73.0,26.0,1,|H>,5.593187268600202e-07
After Fiber (Heisenberg),after_fiber,B,73,73.0,26.0,2,|V>,5.275352634217363e-07
After Fiber (Heisenberg),after_fiber,B,74,74.0,25.000000000000004,0,|vac>,0.9999990293636093
After Fiber (Heisenberg),after_fiber,B,74,74.0,25.000000000000004,1,|H>,4.99510619885582e-07
After Fiber (Heisenberg),after_fiber,B,74,74.0,25.000000000000004,2,|V>,4.7112577102973676e-07
After Fiber (Heisenberg),after_fiber,B,75,75.00000000000001,24.000000000000004,0,|vac>,0.9999991463940554
After Fiber (Heisenberg),after_fiber,B,75,75.00000000000001,24.000000000000004,1,|H>,4.3928420425506825e-07
After Fiber (Heisenberg),after_fiber,B,75,75.00000000000001,24.000000000000004,2,|V>,4.143217405032467e-07
After Fiber (Heisenberg),after_fiber,B,76,76.0,23.0,0,|vac>,0.9999992600675861
After Fiber (Heisenberg),after_fiber,B,76,76.0,23.0,1,|H>,3.807853303028597e-07
After Fiber (Heisenberg),after_fiber,B,76,76.0,23.0,2,|V>,3.59147083553174e-07
After Fiber (Heisenberg),after_fiber,B,77,77.0,22.000000000000004,0,|vac>,0.9999993673603483
After Fiber (Heisenberg),after_fiber,B,77,77.0,22.000000000000004,1,|H>,3.2557013846863167e-07
After Fiber (Heisenberg),after_fiber,B,77,77.0,22.000000000000004,2,|V>,3.070695124468397e-07
After Fiber (Heisenberg),after_fiber,B,78,78.00000000000001,21.000000000000004,0,|vac>,0.999999466249122
After Fiber (Heisenberg),after_fiber,B,78,78.00000000000001,21.000000000000004,1,|H>,2.746798227422461e-07
After Fiber (Heisenberg),after_fiber,B,78,78.00000000000001,21.000000000000004,2,|V>,2.5907105499656175e-07
After Fiber (Heisenberg),after_fiber,B,79,79.0,20.0,0,|vac>,0.9999995555459369
After Fiber (Heisenberg),after_fiber,B,79,79.0,20.0,1,|H>,2.287257376463445e-07
After Fiber (Heisenberg),after_fiber,B,79,79.0,20.0,2,|V>,2.15728325310997e-07
After Fiber (Heisenberg),after_fiber,B,80,80.0,19.0,0,|vac>,0.9999996347313849
After Fiber (Heisenberg),after_fiber,B,80,80.0,19.0,1,|H>,1.879751819930633e-07
After Fiber (Heisenberg),after_fiber,B,80,80.0,19.0,2,|V>,1.7729343286278596e-07
After Fiber (Heisenberg),after_fiber,B,81,81.00000000000001,18.000000000000004,0,|vac>,0.9999997037987025
After Fiber (Heisenberg),after_fiber,B,81,81.00000000000001,18.000000000000004,1,|H>,1.5243163672098846e-07
After Fiber (Heisenberg),after_fiber,B,81,81.00000000000001,18.000000000000004,2,|V>,1.4376966078507819e-07
After Fiber (Heisenberg),after_fiber,B,82,82.0,17.0,0,|vac>,0.999999763115565
After Fiber (Heisenberg),after_fiber,B,82,82.0,17.0,1,|H>,1.2190588791271084e-07
After Fiber (Heisenberg),after_fiber,B,82,82.0,17.0,2,|V>,1.1497854730114631e-07
After Fiber (Heisenberg),after_fiber,B,83,83.0,16.0,0,|vac>,0.9999998133067579
After Fiber (Heisenberg),after_fiber,B,83,83.0,16.0,1,|H>,9.607640720472502e-08
After Fiber (Heisenberg),after_fiber,B,83,83.0,16.0,2,|V>,9.061683499834105e-08
After Fiber (Heisenberg),after_fiber,B,84,84.00000000000001,15.000000000000002,0,|vac>,0.9999998551582792
After Fiber (Heisenberg),after_fiber,B,84,84.00000000000001,15.000000000000002,1,|H>,7.453870319195708e-08
After Fiber (Heisenberg),after_fiber,B,84,84.00000000000001,15.000000000000002,2,|V>,7.030301782354426e-08
After Fiber (Heisenberg),after_fiber,B,85,85.0,14.000000000000002,0,|vac>,0.9999998895417476
After Fiber (Heisenberg),after_fiber,B,85,85.0,14.000000000000002,1,|H>,5.6844221540584113e-08
After Fiber (Heisenberg),after_fiber,B,85,85.0,14.000000000000002,2,|V>,5.361403068472621e-08
After Fiber (Heisenberg),after_fiber,B,86,86.0,13.0,0,|vac>,0.9999999173570258
After Fiber (Heisenberg),after_fiber,B,86,86.0,13.0,1,|H>,4.252987417663562e-08
After Fiber (Heisenberg),after_fiber,B,86,86.0,13.0,2,|V>,4.0113100634086266e-08
After Fiber (Heisenberg),after_fiber,B,87,87.00000000000001,12.000000000000002,0,|vac>,0.9999999394904736
After Fiber (Heisenberg),after_fiber,B,87,87.00000000000001,12.000000000000002,1,|H>,3.113951979418838e-08
After Fiber (Heisenberg),after_fiber,B,87,87.00000000000001,12.000000000000002,2,|V>,2.9370006739582708e-08
After Fiber (Heisenberg),after_fiber,B,88,88.00000000000001,11.000000000000002,0,|vac>,0.9999999567861629
After Fiber (Heisenberg),after_fiber,B,88,88.00000000000001,11.000000000000002,1,|H>,2.2238781330325285e-08
After Fiber (Heisenberg),after_fiber,B,88,88.00000000000001,11.000000000000002,2,|V>,2.0975055552194604e-08
After Fiber (Heisenberg),after_fiber,B,89,89.0,10.0,0,|vac>,0.9999999700274343
After Fiber (Heisenberg),after_fiber,B,89,89.0,10.0,1,|H>,1.542453501788989e-08
After Fiber (Heisenberg),after_fiber,B,89,89.0,10.0,2,|V>,1.4548030940249598e-08
After Fiber (Heisenberg),after_fiber,B,90,90.00000000000001,9.000000000000002,0,|vac>,0.9999999799264465
After Fiber (Heisenberg),after_fiber,B,90,90.00000000000001,9.000000000000002,1,|H>,1.0330287843935653e-08
After Fiber (Heisenberg),after_fiber,B,90,90.00000000000001,9.000000000000002,2,|V>,9.743265972099304e-09
After Fiber (Heisenberg),after_fiber,B,91,91.00000000000001,8.0,0,|vac>,0.9999999871196478
After Fiber (Heisenberg),after_fiber,B,91,91.00000000000001,8.0,1,|H>,6.628509774620004e-09
After Fiber (Heisenberg),after_fiber,B,91,91.00000000000001,8.0,2,|V>,6.2518426115972085e-09
After Fiber (Heisenberg),after_fiber,B,92,92.0,7.000000000000001,0,|vac>,0.9999999921673985
After Fiber (Heisenberg),after_fiber,B,92,92.0,7.000000000000001,1,|H>,4.030827225359629e-09
After Fiber (Heisenberg),after_fiber,B,92,92.0,7.000000000000001,2,|V>,3.801774194250798e-09
After Fiber (Heisenberg),after_fiber,B,93,93.00000000000001,6.000000000000001,0,|vac>,0.9999999955562899
After Fiber (Heisenberg),after_fiber,B,93,93.00000000000001,6.000000000000001,1,|H>,2.2868300314015963e-09
After Fiber (Heisenberg),after_fiber,B,93,93.00000000000001,6.000000000000001,2,|V>,2.1568801920664592e-09
After Fiber (Heisenberg),after_fiber,B,94,94.00000000000001,5.0,0,|vac>,0.9999999977029642
After Fiber (Heisenberg),after_fiber,B,94,94.00000000000001,5.0,1,|H>,1.182104685147183e-09
After Fiber (Heisenberg),after_fiber,B,94,94.00000000000001,5.0,2,|V>,1.1149312127846322e-09
After Fiber (Heisenberg),after_fiber,B,95,95.0,4.0,0,|vac>,0.9999999989584842
After Fiber (Heisenberg),after_fiber,B,95,95.0,4.0,1,|H>,5.359866987164841e-10
After Fiber (Heisenberg),after_fiber,B,95,95.0,4.0,2,|V>,5.055290851520418e-10
After Fiber (Heisenberg),after_fiber,B,96,96.00000000000001,3.0000000000000004,0,|vac>,0.9999999996124791
After Fiber (Heisenberg),after_fiber,B,96,96.00000000000001,3.0000000000000004,1,|H>,1.9942660346366789e-10
After Fiber (Heisenberg),after_fiber,B,96,96.00000000000001,3.0000000000000004,2,|V>,1.8809412368887452e-10
After Fiber (Heisenberg),after_fiber,B,97,97.00000000000001,2.0,0,|vac>,0.9999999998964534
After Fiber (Heisenberg),after_fiber,B,97,97.00000000000001,2.0,1,|H>,5.328745036317132e-11
After Fiber (Heisenberg),after_fiber,B,97,97.00000000000001,2.0,2,|V>,5.02593741536651e-11
After Fiber (Heisenberg),after_fiber,B,98,98.0,1.0,0,|vac>,0.9999999999857454
After Fiber (Heisenberg),after_fiber,B,98,98.0,1.0,1,|H>,7.335772843994157e-12
After Fiber (Heisenberg),after_fiber,B,98,98.0,1.0,2,|V>,6.918915233509068e-12
After Fiber (Heisenberg),after_fiber,B,99,99.0,0.0,0,|vac>,0.999999999999706
After Fiber (Heisenberg),after_fiber,B,99,99.0,0.0,1,|H>,1.5131150281350983e-13
After Fiber (Heisenberg),after_fiber,B,99,99.0,0.0,2,|V>,1.4271317884095314e-13
